	ACC	BLEU-1	BLEU-2	BLEU-3	METEOR
lstm	0.027799811142587345	0.1652041134621284	0.09831079927504731	0.06745936204285044	0.1089790025783305
bert_cls	0.035656279508970726	0.17067533122340836	0.10432746999658658	0.06862664592790163	0.10373584094684014
bert_mask	0.04948064211520302	0.17664902477820763	0.11164996882326614	0.07619126473604766	0.12589191821027562
